StateID,R,G,B,Filename,StateName
1,0,0,8,"1-France.txt","Corsica"
2,0,0,16,"10-Poland.txt","Warsaw"
3,0,0,24,"100-Iceland.txt","Iceland"
4,0,0,33,"1000-East Azerbaijan.txt","East Azerbaijan"
5,0,0,41,"1001-Kurdistan.txt","Kurdistan"
6,0,0,49,"1002-Yazd.txt","Yazd"
7,0,0,57,"1003-South Khorasan.txt","South Khorasan"
8,0,0,66,"1004-North Khorasan.txt","North Khorasan"
9,0,0,74,"1005-Qataghan.txt","Qataghan"
10,0,0,82,"1006-Khyber Pass.txt","Khyber Pass"
11,0,0,90,"1007-Maymanah.txt","Maymanah"
12,0,0,99,"1008-Qandahar.txt","Qandahar"
13,0,0,107,"1009-Farah.txt","Farah"
14,0,0,115,"101-Greenland.txt","Greenland"
15,0,0,123,"1010-Al Anbar.txt","Al Anbar"
16,0,0,132,"1011-Al Basrah.txt","Al Basrah"
17,0,0,140,"1012-Kalat.txt","Kalat"
18,0,0,148,"1013 -Musamdam.txt","Musandam"
19,0,0,156,"1014 - Bahrain.txt","Bahrain"
20,0,0,165,"1015 - Interior Oman.txt","Oman"
21,0,0,173,"1016 - Dhofar.txt","Dhofar"
22,0,0,181,"1017 - Trung Bo.txt","Trung Bo"
23,0,0,189,"1018 - South Kyushu.txt","Minami Kyūshū"
24,0,0,198,"1019 - South Tohoku.txt","Minami Tohoku"
25,0,0,206,"102-North-Eastern Slovenia.txt","North Slovenia"
26,0,0,214,"1020 - Sanin.txt","San'in"
27,0,0,222,"1021 - Actual Singapore.txt","Singapore"
28,0,0,231,"1022 - Interior Borneo.txt","Interior Borneo"
29,0,0,239,"1023 - Brunei.txt","Brunei"
30,0,0,247,"1024 - Sabah.txt","Sabah"
31,0,0,255,"1025 - Zamboanga.txt","Zamboanga"
32,0,8,0,"1026 - North Mindanao.txt","Northern Mindanao"
33,0,8,8,"1027 - Bataan.txt","Bataan"
34,0,8,16,"1028 - Hamgyong.txt","Hamgyong"
35,0,8,24,"1029 - Gangwon.txt","Gangwon"
36,0,8,33,"103-Croatia.txt","Dalmatia"
37,0,8,41,"1030 - Gyeongsang.txt","Gyeongsang"
38,0,8,49,"1031 - Chungcheong Jeolla.txt","Chungcheong-Jeolla"
39,0,8,57,"1032 - Yanan.txt","Yan'an"
40,0,8,66,"1033 - Fangchenggang.txt","Nanlu"
41,0,8,74,"1034 - Suzhou.txt","Suzhou"
42,0,8,82,"1035 - Nanjing.txt","Nanjing"
43,0,8,90,"1036 - Wuhan.txt","Wuhan"
44,0,8,99,"1037 - Chongqing.txt","Chongqing"
45,0,8,107,"1038 - Jinan.txt","Jinan"
46,0,8,115,"1039 - Hebei-Chahar.txt","Hebei-Chahar"
47,0,8,123,"104-Bosnia.txt","Bosnia"
48,0,8,132,"1040 - Alxa.txt","Alxa"
49,0,8,140,"1041 - Chengdu.txt","Chengdu"
50,0,8,148,"1042 - Khotan.txt","Khotan"
51,0,8,156,"1043 - Pailingmiao.txt","Pailingmiao"
52,0,8,165,"1044 - Wuwei.txt","Wuwei"
53,0,8,173,"1045 - Guyuan.txt","Guyuan"
54,0,8,181,"1046 - Yulin.txt","Yulin"
55,0,8,189,"105-Montenegro.txt","Montenegro"
56,0,8,198,"106-Macedonia.txt","Macedonia"
57,0,8,206,"107-Kosavo.txt","Serbia"
58,0,8,214,"108-Eastern Serbia.txt","Morava"
59,0,8,222,"109-Eastern Croatia.txt","Croatia"
60,0,8,231,"11-Kaunas.txt","Kaunas"
61,0,8,239,"110-Norway.txt","Oslofjord"
62,0,8,247,"111-Uusima.txt","Uusimaa"
63,0,8,255,"112-Lisbon.txt","Lisbon"
64,0,16,0,"113-Ireland.txt","Leinster"
65,0,16,8,"114-Sardinia.txt","Sardinia"
66,0,16,16,"115-Sicily.txt","Sicily"
67,0,16,24,"116-Malta.txt","Malta"
68,0,16,33,"117-Napoli.txt","Campania"
69,0,16,41,"118-Gibralter.txt","Gibraltar"
70,0,16,49,"119-Northern Ireland.txt","Northern Ireland"
71,0,16,57,"12-Latvia.txt","Vidzeme"
72,0,16,66,"120-Scottish Highlands.txt","Scottish Highlands"
73,0,16,74,"121-Scottish Lowlands.txt","Lothian"
74,0,16,82,"122-Wales.txt","Wales"
75,0,16,90,"123-Cornwall.txt","South-West England"
76,0,16,99,"124-Gotland.txt","Gotland"
77,0,16,107,"125-East Anglia.txt","East Anglia"
78,0,16,115,"126-Greater London Area.txt","Greater London Area"
79,0,16,123,"127-South-east England.txt","Sussex"
80,0,16,132,"128-West Midlands.txt","West Midlands"
81,0,16,140,"129-East Midlands.txt","East Midlands"
82,0,16,148,"13-Estonia.txt","Pärnu"
83,0,16,156,"130-Yorkshire.txt","Yorkshire"
84,0,16,165,"131-Northern England.txt","Northumberland"
85,0,16,173,"132-North-west England.txt","Lancashire"
86,0,16,181,"133-Strathclyde.txt","Lanark"
87,0,16,189,"134-Connaught.txt","Connaught"
88,0,16,198,"135-Munster.txt","Munster"
89,0,16,206,"136-Aberdeenshire.txt","Aberdeenshire"
90,0,16,214,"137-Crimea.txt","Crimea"
91,0,16,222,"138-Skane.txt","Skåne"
92,0,16,231,"139-Smaland.txt","Småland"
93,0,16,239,"14-Brittany.txt","Brittany"
94,0,16,247,"140-Vaster Gotland.txt","Västergötland"
95,0,16,255,"141-Sodermanland.txt","Södermanland"
96,0,24,0,"142-Vestlandet.txt","Vestlandet"
97,0,24,8,"143-Midt-Noreg.txt","Trøndelag"
98,0,24,16,"144-Nord-Noreg.txt","Nordland"
99,0,24,24,"145-Aland.txt","Åland"
100,0,24,33,"146-Karelia.txt","Karjala"
101,0,24,41,"147-Salla.txt","Salla"
102,0,24,49,"148-Lappi.txt","Lappi"
103,0,24,57,"149-Vaasa.txt","Vaasa"
104,0,24,66,"15-Normandy.txt","Normandy"
105,0,24,74,"150-Kuopio.txt","Kuopio"
106,0,24,82,"151-Eastern Swiss Alps.txt","Eastern Swiss Alps"
107,0,24,90,"152-Upper Austria.txt","Upper Austria"
108,0,24,99,"153-Tyrol.txt","Tyrol"
109,0,24,107,"154-Southern plain.txt","Transtisza"
110,0,24,115,"155-Western Hungary.txt","North Transdanubia"
111,0,24,123,"156-Calabria.txt","Calabria"
112,0,24,132,"157-Abruzzo.txt","Abruzzo"
113,0,24,140,"158-Piedmont.txt","Piedmont"
114,0,24,148,"159-Lombardy.txt","Lombardy"
115,0,24,156,"16-Ile de France.txt","Ile de France"
116,0,24,165,"160-Veneto.txt","Veneto"
117,0,24,173,"161-Emilia Romagna.txt","Emilia Romagna"
118,0,24,181,"162-Tuscany.txt","Tuscany"
119,0,24,189,"163-Dalmatia.txt","Zadar"
120,0,24,198,"164-Dodecanese.txt","Dodecanese"
121,0,24,206,"165-Catalonia.txt","Catalonia"
122,0,24,214,"166-Western Aragon.txt","Western Aragón"
123,0,24,222,"167-Valencia.txt","Valencia"
124,0,24,231,"168-Murcia.txt","Murcia"
125,0,24,239,"169-Sevilla.txt","Sevilla"
126,0,24,247,"17-Alcase Lorraine.txt","Franche-Comte"
127,0,24,255,"170-Extremadura.txt","Extremadura"
128,0,33,0,"171-Galicia.txt","Galicia"
129,0,33,8,"172-Navarre.txt","Navarra"
130,0,33,16,"173-Granada.txt","Granada"
131,0,33,24,"174-Leon.txt","León"
132,0,33,33,"175-Ciudad Real.txt","Ciudad Real"
133,0,33,41,"176-Burgos.txt","Burgos"
134,0,33,49,"177-Balearic Islands.txt","Islas Baleares"
135,0,33,57,"178-Canary islands.txt","Islas Canarias"
136,0,33,66,"179-Beja.txt","Beja"
137,0,33,74,"18-Champagne.txt","Champagne"
138,0,33,82,"180-Porto.txt","Porto"
139,0,33,90,"181-Guarda.txt","Guarda"
140,0,33,99,"182-Crete.txt","Crete"
141,0,33,107,"183-Cyprus.txt","Cyprus"
142,0,33,115,"184-Thrace.txt","Thrace"
143,0,33,123,"185-Epirus.txt","Epirus"
144,0,33,132,"186-Peloponnese.txt","Peloponnese"
145,0,33,140,"187-Aegean Islands.txt","Aegean Islands"
146,0,33,148,"188-Memel.txt","Memel"
147,0,33,156,"189-Kaunas.txt","Žemaitija"
148,0,33,165,"19-Aquitaine.txt","Aquitaine"
149,0,33,173,"190-Kurzeme.txt","Kurzeme"
150,0,33,181,"191-Tartu.txt","Tartu"
151,0,33,189,"192-Odessa.txt","Odessa"
152,0,33,198,"193-Kiev.txt","Chernigov"
153,0,33,206,"194-Pinsk Marches.txt","Mozyr"
154,0,33,214,"195-Leningrad Area.txt","Leningrad"
155,0,33,222,"196-Kherson.txt","Kherson"
156,0,33,231,"197-Mykolaiv.txt","Mykolaiv"
157,0,33,239,"198-Vinnytsia.txt","Vinnytsia"
158,0,33,247,"199-Khmelnytskyi.txt","Proskuriv"
159,0,33,255,"2-Italy.txt","Lazio"
160,0,41,0,"20-Franche-comte.txt","Rhone"
161,0,41,8,"200-Rivne.txt","Zaporozhe"
162,0,41,16,"201-Zhytomyr.txt","Zhytomyr"
163,0,41,24,"202-Western Kiev.txt","Kiev"
164,0,41,33,"203-Cherkasy.txt","Cherkasy"
165,0,41,41,"204-Brest.txt","Bobruysk"
166,0,41,49,"205-Hrodna.txt","Kaluga"
167,0,41,57,"206-Minsk.txt","Minsk"
168,0,41,66,"207-Viciebsk.txt","Vitebsk"
169,0,41,74,"208-Pskov.txt","Luga"
170,0,41,82,"209-Smolensk.txt","Pskov"
171,0,41,90,"21-Bouches-du-Rhone.txt","Bouches-du-Rhône"
172,0,41,99,"210-Bryansk.txt","Nevel"
173,0,41,107,"211-Burgas.txt","Burgas"
174,0,41,115,"212-Plovdiv.txt","Plovdiv"
175,0,41,123,"213-Murmansk.txt","Murmansk"
176,0,41,132,"214-Arkhangelsk.txt","Arkhangelsk"
177,0,41,140,"215-Eastern Karelia.txt","Onega"
178,0,41,148,"216-Below Zero.txt","Olonets"
179,0,41,156,"217-Stalingrad Area.txt","Stalingrad"
180,0,41,165,"218-Rostov Area.txt","Rostov"
181,0,41,173,"219-Moscow Area.txt","Moscow"
182,0,41,181,"22-Roussillion.txt","Languedoc"
183,0,41,189,"220-Kursk Area.txt","Kursk"
184,0,41,198,"221-Kharkov.txt","Kharkov"
185,0,41,206,"222-Orel.txt","Orel"
186,0,41,214,"223-tula.txt","Tula"
187,0,41,222,"224-Bryansk.txt","Bryansk"
188,0,41,231,"225-Glukhov.txt","Sumy"
189,0,41,239,"226-Nikopol.txt","Dnipropetrovsk"
190,0,41,247,"227-Stalino.txt","Stalino"
191,0,41,255,"228-Taganrog.txt","Voroshilovgrad"
192,0,49,0,"229-baku.txt","Azerbaijan"
193,0,49,8,"23-Poitou.txt","Poitou"
194,0,49,16,"230-Armenia.txt","Armenia"
195,0,49,24,"231-Georgia.txt","Georgia"
196,0,49,33,"232-Grozny.txt","Dagestan"
197,0,49,41,"233-Caucasus Mountains.txt","Sochi"
198,0,49,49,"234-Krasodar.txt","Krasnodar"
199,0,49,57,"235-Stravropol.txt","Stavropol"
200,0,49,66,"236-Astrakhan.txt","Astrakhan"
201,0,49,74,"237-Elista.txt","Kalmykia"
202,0,49,82,"238-volgodonsk.txt","Volgodonsk"
203,0,49,90,"239-Saratov.txt","Saratov"
204,0,49,99,"24-Centre.txt","Centre"
205,0,49,107,"240-Voronezh.txt","Belgorod"
206,0,49,115,"241-Pochep.txt","Gomel"
207,0,49,123,"242-Smolensk.txt","Smolensk"
208,0,49,132,"243-Roslavl.txt","Roslavl"
209,0,49,140,"244-Gatchina.txt","Volkhov"
210,0,49,148,"245-Donetsk.txt","Millerovo"
211,0,49,156,"246-Rzhev.txt","Rzhev"
212,0,49,165,"247-Tver.txt","Kalinin"
213,0,49,173,"248-Yaroslavl.txt","Yaroslavl"
214,0,49,181,"249-Kazan.txt","Kazan"
215,0,49,189,"25-Limousin.txt","Limousin"
216,0,49,198,"250-ulyanovsky.txt","Ulyanovsky"
217,0,49,206,"251-Samara.txt","Kuybyshev"
218,0,49,214,"252-Nizhny Novogrod.txt","Gorky"
219,0,49,222,"253-Ivanovo.txt","Ivanovo"
220,0,49,231,"254-Ryazan.txt","Ryazan"
221,0,49,239,"255-Penza.txt","Penza"
222,0,49,247,"256-Cheboksary.txt","Chuvashia"
223,0,49,255,"257-Livny.txt","Tambov"
224,0,57,0,"258-lipetsk.txt","Lipetsk"
225,0,57,8,"259-Liski.txt","Poltava"
226,0,57,16,"26-Bourgogne.txt","Auvergne"
227,0,57,24,"260-Borisoglbsk.txt","Voronezh"
228,0,57,33,"261-USA.txt","Ohio"
229,0,57,41,"262-Torzhok.txt","Pechora"
230,0,57,49,"263-Veliky Novogrod.txt","Novgorod"
231,0,57,57,"264-Tikhvin.txt","Tikhvin"
232,0,57,66,"265-Mikhaylovka.txt","Mikhaylovka"
233,0,57,74,"266-Persia.txt","Tehran"
234,0,57,82,"267-Afghanistan.txt","Kabul"
235,0,57,90,"268-French Somaliland.txt","French Somaliland"
236,0,57,99,"269-British Somaliland.txt","British Somaliland"
237,0,57,107,"27-Champagne2.txt","Bourgogne"
238,0,57,115,"270-Pitcarin Island.txt","Pitcairn Island"
239,0,57,123,"271-ethiopia.txt","Shewa"
240,0,57,132,"272-French Africa.txt","Senegal"
241,0,57,140,"273-Italian Africa.txt","Libyan Desert"
242,0,57,148,"274-British Africa.txt","Ghana"
243,0,57,156,"275-South Africa.txt","Transvaal"
244,0,57,165,"276-Canada.txt","Southern Ontario"
245,0,57,173,"277-Mexico.txt","Mexico City"
246,0,57,181,"278-Argentina.txt","Buenos Aires"
247,0,57,189,"279-Chile.txt","Santiago"
248,0,57,198,"28-Alcase.txt","Alsace-Lorraine"
249,0,57,206,"280-Brazil.txt","Mato Grosso"
250,0,57,214,"281-India.txt","Maldives"
251,0,57,222,"282-Japan.txt","Kanto"
252,0,57,231,"283-China.txt","Gansu"
253,0,57,239,"284-New Zealand.txt","North Island"
254,0,57,247,"285-Austraila.txt","New South Wales"
255,0,57,255,"286-Indochina.txt","Champa"
256,0,66,0,"287-Sinkiang.txt","Taklamakan"
257,0,66,8,"288-Magwe.txt","Magwe"
258,0,66,16,"289-Siam.txt","Siam"
259,0,66,24,"29-Pas de Calais.txt","Nord-Pas-de-Calais"
260,0,66,33,"290-Spanish Africa.txt","Spanish Africa"
261,0,66,41,"291-Iraq.txt","Baghdad"
262,0,66,49,"292-Saudi Arabia.txt","Nejd"
263,0,66,57,"293-Yemen.txt","North Yemen"
264,0,66,66,"294-Oman.txt","Muscat"
265,0,66,74,"295-Congo.txt","Léopoldville"
266,0,66,82,"296-Portugal Africa.txt","Portuguese Guinea"
267,0,66,90,"297-Belgian Africa.txt","Equatorial Guinea"
268,0,66,99,"298-Liberia.txt","Liberia"
269,0,66,107,"299-Falkand Islands.txt","Falkland Islands"
270,0,66,115,"3-Swiss Plateau.txt","Swiss Plateau"
271,0,66,123,"30-Loire.txt","Loire"
272,0,66,132,"300-Uruguay.txt","Montevideo"
273,0,66,140,"301-paraguay.txt","Paraguay"
274,0,66,148,"302-bolivia.txt","La Paz"
275,0,66,156,"303-Peru.txt","Lima"
276,0,66,165,"304-Panama.txt","Panamá"
277,0,66,173,"305-Ecuador.txt","Ecuador"
278,0,66,181,"306-Colombia.txt","Cundinamarca"
279,0,66,189,"307-Venezuela.txt","Miranda"
280,0,66,198,"308-Britain SA.txt","Leeward Islands"
281,0,66,206,"309-Dutch SA.txt","Suriname"
282,0,66,214,"31-Midi Pyrenees.txt","Midi Pyrenees"
283,0,66,222,"310-French SA.txt","French Guiana"
284,0,66,231,"311-BritMex.txt","British Honduras"
285,0,66,239,"312-Honduras.txt","Honduras"
286,0,66,247,"313-Guatemala.txt","Guatemala"
287,0,66,255,"314-El Salvador.txt","El Salvador"
288,0,74,0,"315-Cuba.txt","Cuba"
289,0,74,8,"316-Costa Rica.txt","Costa Rica"
290,0,74,16,"317-Nicaragua.txt","Nicaragua"
291,0,74,24,"318-Haiti.txt","Haiti"
292,0,74,33,"319-Dominican Republic.txt","Dominican Republic"
293,0,74,41,"32-Rhone Alpes.txt","Alpes"
294,0,74,49,"320-French India.txt","French India"
295,0,74,57,"321-Goa.txt","Goa"
296,0,74,66,"322-Tibet.txt","Nagqu"
297,0,74,74,"323-Nepal.txt","Nepal"
298,0,74,82,"324-Bhutan.txt","Bhutan"
299,0,74,90,"325-Yunnan.txt","Yunnan"
300,0,74,99,"326-HongKong.txt","Hong Kong"
301,0,74,107,"327-Philippines.txt","Manila"
302,0,74,115,"328-Manchukuo.txt","Kirin"
303,0,74,123,"329-Tannu Tuva.txt","Tannu Tuva"
304,0,74,132,"33-Centre sud.txt","Centre-Sud"
305,0,74,140,"330-Mongolia.txt","Ulaanbaatar"
306,0,74,148,"331-Newfoundland.txt","Newfoundland"
307,0,74,156,"332-Labrador.txt","Labrador"
308,0,74,165,"333-British Borneo.txt","Sarawak"
309,0,74,173,"334-Dutch Borneo.txt","Kalimantan"
310,0,74,181,"335-Dutch East Indies.txt","Java"
311,0,74,189,"336-Singapore.txt","Malaya"
312,0,74,198,"337-Faroe Islands.txt","Faroe Islands"
313,0,74,206,"338-Gloucestershire.txt","Gloucestershire"
314,0,74,214,"339-Izmir.txt","Izmir"
315,0,74,222,"34-Wallonie.txt","Wallonia"
316,0,74,231,"340-Bursa.txt","Bursa"
317,0,74,239,"341-Edirne.txt","Edirne"
318,0,74,247,"342-Antalya.txt","Antalya"
319,0,74,255,"343-Afyon.txt","Afyon"
320,0,82,0,"344-Adana.txt","Malatya"
321,0,82,8,"345-Mersin.txt","Mersin"
322,0,82,16,"346-Konya.txt","Konya"
323,0,82,24,"347-Izmit.txt","Izmit"
324,0,82,33,"348-Kayseri.txt","Kayseri"
325,0,82,41,"349-Silvas.txt","Sivas"
326,0,82,49,"35-Gelderland.txt","Brabant"
327,0,82,57,"350-Diyarbekir.txt","Diyarbakır"
328,0,82,66,"351-Vologda.txt","Vologda"
329,0,82,74,"352-Hakkari.txt","Hakkari"
330,0,82,82,"353-Erzurum.txt","Tunceli"
331,0,82,90,"354-Trabzon.txt","Trabzon"
332,0,82,99,"355-Samsun.txt","Samsun"
333,0,82,107,"356-Sinop.txt","Kastamonu"
334,0,82,115,"357-New England.txt","New England"
335,0,82,123,"358-New York.txt","New York"
336,0,82,132,"359-New Jersey.txt","New Jersey"
337,0,82,140,"36-Friesland.txt","Friesland"
338,0,82,148,"360-Pennsylvania.txt","Pennsylvania"
339,0,82,156,"361-Maryland.txt","Maryland"
340,0,82,165,"362-Virginia.txt","Virginia"
341,0,82,173,"363-North Carolina.txt","North Carolina"
342,0,82,181,"364-South Carolina.txt","South Carolina"
343,0,82,189,"365-Georgia.txt","Georgia"
344,0,82,198,"366-Florida.txt","Florida"
345,0,82,206,"367-Alabama.txt","Alabama"
346,0,82,214,"368-Tennesse.txt","Tennessee"
347,0,82,222,"369-Kentucky.txt","Kentucky"
348,0,82,231,"37-Denmark.txt","Sjaelland"
349,0,82,239,"370-Mississippi.txt","Mississippi"
350,0,82,247,"371-Louisiana.txt","Louisiana"
351,0,82,255,"372-Arkansas.txt","Arkansas"
352,0,90,0,"373-Missouri.txt","Missouri"
353,0,90,8,"374-Oklahoma.txt","Oklahoma"
354,0,90,16,"375-Texas.txt","Texas"
355,0,90,24,"376-New Mexico.txt","New Mexico"
356,0,90,33,"377-Arizona.txt","Arizona"
357,0,90,41,"378-California.txt","California"
358,0,90,49,"379-Nevada.txt","Nevada"
359,0,90,57,"38-Sweden.txt","Gävleborg"
360,0,90,66,"380-Utah.txt","Utah"
361,0,90,74,"381-Wyoming.txt","Wyoming"
362,0,90,82,"382-Colorado.txt","Colorado"
363,0,90,90,"383-Kansas.txt","Kansas"
364,0,90,99,"384-Nebraska.txt","Nebraska"
365,0,90,107,"385-Oregon.txt","Oregon"
366,0,90,115,"386-Washington.txt","Washington"
367,0,90,123,"387-Idaho.txt","Idaho"
368,0,90,132,"388-Montana.txt","Montana"
369,0,90,140,"389-North Dakota.txt","North Dakota"
370,0,90,148,"39-South Tyrol.txt","South Tyrol"
371,0,90,156,"390-South Dakota.txt","South Dakota"
372,0,90,165,"391-Minnesota.txt","Minnesota"
373,0,90,173,"392-Iowa.txt","Iowa"
374,0,90,181,"393-Michigan.txt","Michigan"
375,0,90,189,"394-Wisconsin.txt","Wisconsin"
376,0,90,198,"395-Illinois.txt","Illinois"
377,0,90,206,"396-Indiana.txt","Indiana"
378,0,90,214,"397-Syktyvkar.txt","Syktyvkar"
379,0,90,222,"398-Perm.txt","Perm"
380,0,90,231,"399-Izhevsk.txt","Udmurtia"
381,0,90,239,"4-Austria.txt","Lower Austria"
382,0,90,247,"40-USSR.txt","Altai Krai"
383,0,90,255,"400-Kirov.txt","Kirov"
384,0,99,0,"401-Engels.txt","Balakovo"
385,0,99,8,"402-Akhtubinsk.txt","Akhtubinsk"
386,0,99,16,"403-Kharabali.txt","Tyumen"
387,0,99,24,"404-Saykhin.txt","Kyzyl Orda"
388,0,99,33,"405-Atyrau.txt","Tashkent"
389,0,99,41,"406-Krasnyy Yar.txt","Guryev"
390,0,99,49,"407-Uralsk.txt","Ural'sk"
391,0,99,57,"408-Vladivostok.txt","Vladivostok"
392,0,99,66,"409-Khabarovsk.txt","Khabarovsk"
393,0,99,74,"41-Madrid.txt","Madrid"
394,0,99,82,"410-Sistan.txt","Sistan"
395,0,99,90,"411-Hormozgan.txt","Isfahan"
396,0,99,99,"412-Fars.txt","Fars"
397,0,99,107,"413-Khuzestan.txt","Khuzestan"
398,0,99,115,"414-Kerman.txt","Kerman"
399,0,99,123,"415-South Khorasan.txt","Herat"
400,0,99,132,"416-Razavi Khorasan.txt","Khorasan"
401,0,99,140,"417-Golestan.txt","Hamadan"
402,0,99,148,"418-Semnan.txt","Semnan"
403,0,99,156,"419-Azerbaijan.txt","West Azerbaijan"
404,0,99,165,"42-Rhineland.txt","Moselland"
405,0,99,173,"420-Gilan.txt","Gilan"
406,0,99,181,"421-Kurdistan.txt","Ilam"
407,0,99,189,"422-Ceylon.txt","Ceylon"
408,0,99,198,"423-Madras.txt","Southern Madras"
409,0,99,206,"424-Andra Pradesh.txt","Northern Madras"
410,0,99,214,"425-Mysore.txt","Mysore"
411,0,99,222,"426-Orissa.txt","Orissa"
412,0,99,231,"427-Hyderabad.txt","Hyderabad"
413,0,99,239,"428-Western Indian States.txt","Gujarat"
414,0,99,247,"429-Bombay.txt","Bombay"
415,0,99,255,"43-Hungary.txt","Northern Hungary"
416,0,107,0,"430-Bangladesh.txt","East Bengal"
417,0,107,8,"431-Calcutta.txt","West Bengal"
418,0,107,16,"432-Assam.txt","Assam"
419,0,107,24,"433-Rajputana.txt","Rajahsthan"
420,0,107,33,"434-Arunachal Pradesh.txt","Arunachal Pradesh"
421,0,107,41,"435-Bihar.txt","Bihar"
422,0,107,49,"436-Central Provinces.txt","Central Provinces"
423,0,107,57,"437-Central Indian Provinces.txt","Central India"
424,0,107,66,"438-United Provinces.txt","United Provinces"
425,0,107,74,"439-Delhi.txt","Delhi"
426,0,107,82,"44-Albania.txt","Central Albania"
427,0,107,90,"440-West Punjab.txt","West Punjab"
428,0,107,99,"441-Kashmir.txt","Kashmir"
429,0,107,107,"442-Peshawar.txt","Peshawar"
430,0,107,115,"443-Sind.txt","Sind"
431,0,107,123,"444-Baluchistan States.txt","South Baluchistan"
432,0,107,132,"445-Quetta.txt","Sibi"
433,0,107,140,"446-Cairo.txt","Suez"
434,0,107,148,"447-Alexandria.txt","Alexandria"
435,0,107,156,"448-Tripoli.txt","Tripoli"
436,0,107,165,"449-Libyan Coast.txt","El Agheila"
437,0,107,173,"45-Yugoslavia.txt","Vojvodina"
438,0,107,181,"450-Benghasi.txt","Benghasi"
439,0,107,189,"451-Derna.txt","Derna"
440,0,107,198,"452-Marsa Matruh.txt","Matrouh"
441,0,107,206,"453-Sinai.txt","Sinai"
442,0,107,214,"454-Israel.txt","Palestine"
443,0,107,222,"455-Jordan.txt","Jordan"
444,0,107,231,"456-Luxor.txt","Aswan"
445,0,107,239,"457-Aswan.txt","Eastern Desert"
446,0,107,247,"458-Tunisia.txt","Tunisia"
447,0,107,255,"459-Western Algeria.txt","Algiers"
448,0,115,0,"46-Romania.txt","Muntenia"
449,0,115,8,"460-Eastern Algeria.txt","Constantine"
450,0,115,16,"461-Northern Morocco.txt","Casablanca"
451,0,115,24,"462-Southern Morocco.txt","Marrakech"
452,0,115,33,"463-Alaska.txt","Alaska"
453,0,115,41,"464-Nova Scotia.txt","Nova Scotia"
454,0,115,49,"465-New Brunswick.txt","New Brunswick"
455,0,115,57,"466-Quebec.txt","Nord du Quebec"
456,0,115,66,"467-Manitoba.txt","Manitoba"
457,0,115,74,"468-Nunavut.txt","Saint Lawrence"
458,0,115,82,"469-Saskatchewan.txt","Saskatchewan"
459,0,115,90,"47-Greece.txt","Attica"
460,0,115,99,"470-Alberta.txt","Alberta"
461,0,115,107,"471-Northwestern Canada.txt","Prince Rupert"
462,0,115,115,"472-Northwest Territories.txt","N.W Territories"
463,0,115,123,"473-British Columbia.txt","British Columbia"
464,0,115,132,"474-Yucatan.txt","Yucatan"
465,0,115,140,"475-Chiapas.txt","Chiapas"
466,0,115,148,"476-Oaxaca.txt","Oaxaca"
467,0,115,156,"477-Veracruz.txt","Veracruz"
468,0,115,165,"478-Nayarit.txt","Jalisco"
469,0,115,173,"479-Tamaulipas.txt","Tamaulipas"
470,0,115,181,"48-Bulgaria.txt","Sofia"
471,0,115,189,"480-Coahuila.txt","Coahuila"
472,0,115,198,"481-Sinaloa.txt","Durango"
473,0,115,206,"482-Chihuahua.txt","Chihuahua"
474,0,115,214,"483-Sonora.txt","Sonora"
475,0,115,222,"484-Baja California.txt","Baja California"
476,0,115,231,"485-Guerrero.txt","Guerrero"
477,0,115,239,"486-Meta.txt","Meta"
478,0,115,247,"487-Amazinas.txt","Santa Cruz"
479,0,115,255,"488-Bolivar.txt","Bolivar"
480,0,123,0,"489-Monagas.txt","Zulia"
481,0,123,8,"49-Turkey.txt","Ankara"
482,0,123,16,"490-Pastaza.txt","Pastaza"
483,0,123,24,"491-Loreto.txt","Loreto"
484,0,123,33,"492-Piura.txt","Arequipa"
485,0,123,41,"493-La Libertad.txt","La Libertad"
486,0,123,49,"494-Ucayali.txt","Ucayali"
487,0,123,57,"495-Amazonas.txt","Amazonas"
488,0,123,66,"496-Para.txt","Minas Gerais"
489,0,123,74,"497-Maranhao.txt","Maranhão"
490,0,123,82,"498-Rio Grande.txt","Rio Grande do Norte"
491,0,123,90,"499-Bahia.txt","Bahia"
492,0,123,99,"5-Germany.txt","Ermland-Masuren"
493,0,123,107,"50-Baden.txt","Württemberg"
494,0,123,115,"500-Rio de Janerio.txt","Rio de Janeiro"
495,0,123,123,"501-Saol Paulo.txt","São Paulo"
496,0,123,132,"502-Rio Grande Sul.txt","Rio Grande do Sul"
497,0,123,140,"503-Santa Catarina.txt","Santa Catarina"
498,0,123,148,"504-Iguacu.txt","Punta Porá"
499,0,123,156,"505-Goias.txt","Goiás"
500,0,123,165,"506-Northern Chile.txt","Antofagasta"
501,0,123,173,"507-Southern Chile.txt","Magallanes"
502,0,123,181,"508-Argentine Northwest.txt","Tucumán"
503,0,123,189,"509-Gran Chaco.txt","Chaco Austral"
504,0,123,198,"51-Moselland.txt","Rhineland"
505,0,123,206,"510-Mesopotamia.txt","Región Mesopotámica"
506,0,123,214,"511-Cuyo.txt","Mendoza"
507,0,123,222,"512-Patagonia.txt","Río Negro"
508,0,123,231,"513-Southern Algeria.txt","Tlemcen"
509,0,123,239,"514-North Africa.txt","Algerian Desert"
510,0,123,247,"515-Central Africa.txt","Southern Sahara"
511,0,123,255,"516-Northern Siberia.txt","Dudinka"
512,0,132,0,"517-Victoria.txt","Victoria"
513,0,132,8,"518-Tasmania.txt","Tasmania"
514,0,132,16,"519-South Australia.txt","South Australia"
515,0,132,24,"52-Wuttemberg.txt","Oberbayern"
516,0,132,33,"520-Northern Territory.txt","Northern Territory"
517,0,132,41,"521-Queensland.txt","Queensland"
518,0,132,49,"522-Western Australia.txt","Western Australia"
519,0,132,57,"523-New Guinea.txt","Papua"
520,0,132,66,"524-Taiwan.txt","Taiwan"
521,0,132,74,"525-South Korea.txt","Gyeonggi"
522,0,132,82,"526-Okinawa.txt","Okinawa"
523,0,132,90,"527-North Korea.txt","Pyongan-Hwanghae"
524,0,132,99,"528-Nagasaki.txt","Kitakyūshū"
525,0,132,107,"529-Hiroshima.txt","San'yo"
526,0,132,115,"53-Oberbayern.txt","Niederbayern"
527,0,132,123,"530-Tokushima.txt","Shikoku"
528,0,132,132,"531-Osaka.txt","Kansai"
529,0,132,140,"532-Nagoya.txt","Tokai"
530,0,132,148,"533-Akita.txt","Kita-Tohoku"
531,0,132,156,"534-Niigata.txt","Koshinetsu"
532,0,132,165,"535-Nagano.txt","Hokuriku"
533,0,132,173,"536-Hokkaido.txt","Hokkaido"
534,0,132,181,"537-South Sakhalin.txt","South Sakhalin"
535,0,132,189,"538-Cameroun.txt","Coquilhatville"
536,0,132,198,"539-Gabon.txt","Gabon"
537,0,132,206,"54-Bayreuth.txt","Franken"
538,0,132,214,"540-Angola.txt","Luanda"
539,0,132,222,"541-South West Africa.txt","Khomas"
540,0,132,231,"542-Bechuana Land.txt","Bechuanaland"
541,0,132,239,"543-Madagascar.txt","Madagascar"
542,0,132,247,"544-East Africa.txt","Lourenço Marques"
543,0,132,255,"545-Rhodessa.txt","Rhodesia"
544,0,140,0,"546-Tanganyika.txt","Tanganyika"
545,0,140,8,"547-East Africa.txt","Nairobi"
546,0,140,16,"548-Uganda.txt","Uganda"
547,0,140,24,"549-Sudan.txt","Kurdufan"
548,0,140,33,"55-Nassau.txt","Hessen"
549,0,140,41,"550-Eritrea.txt","Eritrea"
550,0,140,49,"551-Khartoum.txt","Khartoum"
551,0,140,57,"552-Western Egypt.txt","Western Desert"
552,0,140,66,"553-Lebanon.txt","Lebanon"
553,0,140,74,"554-Syria.txt","Damascus"
554,0,140,82,"555-Lagos.txt","Kuril Islands"
555,0,140,90,"556-Mali.txt","Bamako"
556,0,140,99,"557-Mauritania.txt","Mauritania"
557,0,140,107,"558-Nigeria.txt","Lagos"
558,0,140,115,"559-Somaliland.txt","Somaliland"
559,0,140,123,"56-Weser-Ems.txt","Weser-Ems"
560,0,140,132,"560-TS 2.txt","Nikolayevsk"
561,0,140,140,"561-TS 3.txt","Amur"
562,0,140,148,"562-TS 4.txt","Okhotsk"
563,0,140,156,"563-TS 5.txt","Chita"
564,0,140,165,"564-TS 6.txt","Buryatia"
565,0,140,173,"565-TS 7.txt","Bodaybo"
566,0,140,181,"566-TS 8.txt","Irkutsk"
567,0,140,189,"567-TS 9.txt","Bratsk"
568,0,140,198,"568-TS 10.txt","Krasnoyarsk"
569,0,140,206,"569-TS 11.txt","Khakassia"
570,0,140,214,"57-Westfalen.txt","Westfalen"
571,0,140,222,"570-TS 12.txt","Novosibirsk"
572,0,140,231,"571-TS 13.txt","Omsk"
573,0,140,239,"572-TS 14.txt","Chelyabinsk"
574,0,140,247,"573-Ts 15.txt","Zlatoust"
575,0,140,255,"574-Siberia 1.txt","Yakutsk"
576,0,148,0,"575-Siberia 2.txt","Kirensk"
577,0,148,8,"576-Siberia 3.txt","Yeniseisk"
578,0,148,16,"577-Siberia 4.txt","Surgut"
579,0,148,24,"578-Siberia 5.txt","Tomsk"
580,0,148,33,"579-Siberia 6.txt","Salekhard"
581,0,148,41,"58-Schleswig - Holstein.txt","Holstein"
582,0,148,49,"580-Siberia 7.txt","Tobolsk"
583,0,148,57,"581-Northern Urals.txt","Northern Urals"
584,0,148,66,"582-Sourthern Urals.txt","Magnitogorsk"
585,0,148,74,"583-Kazakhstan.txt","Kostanay"
586,0,148,82,"584-Turkmenistan.txt","Ashkhabad"
587,0,148,90,"585-Uzbekistan.txt","Navoi"
588,0,148,99,"586-Kyrgyzstan.txt","Alma-Ata"
589,0,148,107,"587-Western Kazakstan.txt","Ust Urt"
590,0,148,115,"588-Some Mountains.txt","Semipalatinsk"
591,0,148,123,"589-Eastern Kazakhstan.txt","Ayaguz"
592,0,148,132,"59-Ost - Hannover.txt","Hannover"
593,0,148,140,"590-Northern Kazakhstan.txt","Akmolinsk"
594,0,148,148,"591-Hainan.txt","Hainan"
595,0,148,156,"592-Guangzhou.txt","Guangzhou"
596,0,148,165,"593-Guangdong.txt","Guangdong"
597,0,148,173,"594-Nanning.txt","Nanning"
598,0,148,181,"595-Fujian.txt","Fujian"
599,0,148,189,"596-Zhejiang.txt","Zhejiang"
600,0,148,198,"597-Shandong.txt","Shandong"
601,0,148,206,"598-Jiansu.txt","Jiangsu"
602,0,148,214,"599-Guanxi.txt","Guangxi"
603,0,148,222,"6-Belgium.txt","Flanders"
604,0,148,231,"60-Sud-Hannover.txt","Thüringen"
605,0,148,239,"600-Jiangxi.txt","Jiangxi"
606,0,148,247,"601-China 1.txt","Chamdo"
607,0,148,255,"602-China 2.txt","Hunan"
608,0,156,0,"603-China 3.txt","Guizhou"
609,0,156,8,"604-China 4.txt","Qinghai"
610,0,156,16,"605-China 5.txt","Sichuan"
611,0,156,24,"606-China 6.txt","Anhui"
612,0,156,33,"607-China 7.txt","Henan"
613,0,156,41,"608-Beijing.txt","Beiping"
614,0,156,49,"609-China 8.txt","East Hebei"
615,0,156,57,"61-Mecklenburg.txt","Mecklenburg"
616,0,156,66,"610-China 9.txt","Jehol"
617,0,156,74,"611-China 10.txt","Chahar"
618,0,156,82,"612-China 11.txt","Xilingol"
619,0,156,90,"613-China 12.txt","Shanghai"
620,0,156,99,"614-China 13.txt","Hebei"
621,0,156,107,"615-Shanxi.txt","Shanxi"
622,0,156,115,"616-China 14.txt","Ningxia"
623,0,156,123,"617-Xinjiang.txt","Urumqi"
624,0,156,132,"618-China 15.txt","Dzungaria"
625,0,156,140,"619-China 16.txt","Yarkand"
626,0,156,148,"62-Pommern.txt","Vorpommern"
627,0,156,156,"620-China 17.txt","Hubei"
628,0,156,165,"621-China 18.txt","Suiyuan"
629,0,156,173,"622-China 19.txt","Shaanbei"
630,0,156,181,"623-Luzon.txt","Luzon"
631,0,156,189,"624-Central islands.txt","Central Islands"
632,0,156,198,"625-Samar.txt","Eastern Visayas"
633,0,156,206,"626-Palawan.txt","Palawan"
634,0,156,214,"627-Mindanao.txt","Davao"
635,0,156,222,"628-Cebu.txt","Western Visayas"
636,0,156,231,"629-Hawaii.txt","Hawaii"
637,0,156,239,"63-WestPrussen.txt","Hinterpommern"
638,0,156,247,"630-Johnston Atoll.txt","Johnston Atoll"
639,0,156,255,"631-Midway Island.txt","Midway Island"
640,0,165,0,"632-Wake Island.txt","Wake Island"
641,0,165,8,"633-Marshall Islands.txt","Marshall Islands"
642,0,165,16,"634-Solomon Islands.txt","Solomon Islands"
643,0,165,24,"635-New Caledonia.txt","New Caledonia"
644,0,165,33,"636-Fiji.txt","Fiji"
645,0,165,41,"637-State 1.txt","Kamchatka"
646,0,165,49,"638-Guam.txt","Guam"
647,0,165,57,"639-Maiana.txt","Gilbert Islands"
648,0,165,66,"64-Brandenburg.txt","Brandenburg"
649,0,165,74,"640-Mandalay.txt","Mandalay"
650,0,165,82,"641-Tahiti.txt","Tahiti"
651,0,165,90,"642-Phoenix Island.txt","Phoenix Island"
652,0,165,99,"643-Fongafale.txt","Ellice Islands"
653,0,165,107,"644-state 3.txt","Kolyma"
654,0,165,115,"645-Iwo Jima.txt","Iwo Jima"
655,0,165,123,"646-Saipan.txt","Saipan"
656,0,165,132,"647-Palau.txt","Palau"
657,0,165,140,"648-Marcus Island.txt","Marcus Island"
658,0,165,148,"649-Galapagos Islands.txt","Galapagos Islands"
659,0,165,156,"65-Sachsen.txt","Sachsen"
660,0,165,165,"650-Attu Island.txt","Attu Island"
661,0,165,173,"651-Sov state 5.txt","Ufa"
662,0,165,181,"652-Sov state 6.txt","Orenburg"
663,0,165,189,"653-Sov state 7.txt","Sverdlovsk"
664,0,165,198,"654-sov state 8.txt","Oyrot Region"
665,0,165,206,"655-North Sakhalin.txt","North Sakhalin"
666,0,165,214,"656-Kuwait.txt","Kuwait"
667,0,165,222,"657-Border state.txt","Birobidzhan"
668,0,165,231,"658-Arab UK 1.txt","Abu Dhabi"
669,0,165,239,"659-Arabian UK 2.txt","South Yemen"
670,0,165,247,"66-Niederschlesien.txt","Lower Silesia"
671,0,165,255,"660-Equatorial Africa.txt","Equatorial Africa"
672,0,173,0,"661-Tripolitania.txt","Tripolitania"
673,0,173,8,"662-Sirte.txt","Sirte"
674,0,173,16,"663-Cyrenaica.txt","Cyrenaica"
675,0,173,24,"664-Southern Slovakia.txt","Southern Slovakia"
676,0,173,33,"665-Gabes.txt","Gabès"
677,0,173,41,"666-Norrnorrland.txt","Norrbotten"
678,0,173,49,"667-Lesser  Sunda Islands.txt","Lesser Sunda Islands"
679,0,173,57,"668-The Moluccas.txt","The Moluccas"
680,0,173,66,"669-Dutch New Guinea.txt","West Papua"
681,0,173,74,"67-Oberschlesien.txt","Upper Silesia"
682,0,173,82,"670-Laos.txt","Laos"
683,0,173,90,"671-Annam.txt","Tonkin"
684,0,173,99,"672-Sumatra.txt","Sumatra"
685,0,173,107,"673-Sulawesi.txt","Sulawesi"
686,0,173,115,"674-Central Australia.txt","Central Australia"
687,0,173,123,"675-Al Hajara.txt","Al Hajara"
688,0,173,132,"676-Mosul.txt","Mosul"
689,0,173,140,"677-Aleppo.txt","Aleppo"
690,0,173,148,"678-Rub al Khali.txt","Rub al Khali"
691,0,173,156,"679-Hejaz.txt","Madinah"
692,0,173,165,"68-Wartheland.txt","Ostmark"
693,0,173,173,"680-Deir-az-Zur.txt","Deir-az-Zur"
694,0,173,181,"681-Soviet Lakes.txt","Cape"
695,0,173,189,"682-Northern Ontario.txt","Northern Ontario"
696,0,173,198,"683-Northeastern Canada.txt","Nunavut"
697,0,173,206,"684-Caroline Islands.txt","Caroline Islands"
698,0,173,214,"685-Panama Canal.txt","Panamá Canal"
699,0,173,222,"686-Puerto Rico.txt","Puerto Rico"
700,0,173,231,"687-British Guyana.txt","British Guyana"
701,0,173,239,"688-Chaco Boreal.txt","Chaco Boreal"
702,0,173,247,"689-Jamaica.txt","Jamaica"
703,0,173,255,"69-Sudatenland.txt","North Sudetenland"
704,0,181,0,"690-Bahama Islands.txt","Northern Bahamas"
705,0,181,8,"691-Trinidad.txt","Trinidad"
706,0,181,16,"692-Windward Islands.txt","Windward Islands"
707,0,181,24,"693-Southern Bahamas.txt","Southern Bahamas"
708,0,181,33,"694-French Caribbean.txt","French Caribbean"
709,0,181,41,"695-Curacao.txt","Curaçao"
710,0,181,49,"696-Bermuda.txt","Bermuda"
711,0,181,57,"697-Madeira.txt","Madeira"
712,0,181,66,"698-Azores.txt","Azores"
713,0,181,74,"699-Rio de Oro.txt","Rio de Oro"
714,0,181,82,"7-Holland.txt","Holland"
715,0,181,90,"70-Slovakia.txt","Western Slovakia"
716,0,181,99,"700-Sierra Leone.txt","Sierra Leone"
717,0,181,107,"701-Gambia.txt","Gambia"
718,0,181,115,"702-Cape Verde.txt","Cape Verde"
719,0,181,123,"703-Ascension.txt","Ascension"
720,0,181,132,"704-Saint Helena.txt","Saint Helena"
721,0,181,140,"705-Sao Tome.txt","Sao Tome"
722,0,181,148,"706-Reunion.txt","Reunion"
723,0,181,156,"707-Mauritius.txt","Mauritius"
724,0,181,165,"708-Comoro Islands.txt","Comoro Islands"
725,0,181,173,"709-Seychelles.txt","Seychelles"
726,0,181,181,"71-East Slovakia.txt","Eastern Slovakia"
727,0,181,189,"710-Diego Garcia.txt","Diego Garcia"
728,0,181,198,"711-Christmas Island.txt","Christmas Island"
729,0,181,206,"712-Cocos Islands.txt","Cocos Islands"
730,0,181,214,"713-Kerguelen.txt","Kerguelen"
731,0,181,222,"714-Heilungkiang.txt","Heilungkiang"
732,0,181,231,"715-Liaoning.txt","Liaobei"
733,0,181,239,"716-Liaotung.txt","Liaoning"
734,0,181,247,"717-Chuho.txt","Sungkiang"
735,0,181,255,"718-Stanleyville.txt","Stanleyville"
736,0,189,0,"719-Natal.txt","Natal"
737,0,189,8,"72-Zaolzie.txt","Trans-Olza"
738,0,189,16,"720-South Georgia.txt","South Georgia"
739,0,189,24,"721-Portuguese Timor.txt","East Timor"
740,0,189,33,"722-Petsamo.txt","Petsamo"
741,0,189,41,"723-Southern Island.txt","South Island"
742,0,189,49,"724-Khorat.txt","Northern Malay"
743,0,189,57,"725-Nauru.txt","Nauru"
744,0,189,66,"726-Samoa.txt","Samoa"
745,0,189,74,"727-Line Islands.txt","Line Islands"
746,0,189,82,"728-Guangzhouwan.txt","Guangzhouwan"
747,0,189,90,"729-Macau.txt","Macau"
748,0,189,99,"73-Carpathian Ruthenia.txt","Carpathian Ruthenia"
749,0,189,107,"730-St Pierre and Miquelon .txt","St Pierre and Miquelon"
750,0,189,115,"731-Central Macedonia.txt","Central Macedonia"
751,0,189,123,"732-Pamir.txt","Pamir"
752,0,189,132,"733-Andaman.txt","Andaman"
753,0,189,140,"734-Nendo.txt","Nendo"
754,0,189,148,"735-Savoy.txt","Savoy"
755,0,189,156,"736-Litorale.txt","Litorale"
756,0,189,165,"737-New Britain.txt","Bismarck"
757,0,189,173,"738-Aru Islands.txt","Aru Islands"
758,0,189,181,"739-Haida Gwaii.txt","Haida Gwaii"
759,0,189,189,"74-East Sudatenland.txt","Sudeten Silesia"
760,0,189,198,"740-Vancouver Island.txt","Vancouver Island"
761,0,189,206,"741-Cambodia.txt","Cambodia"
762,0,189,214,"742-Stalinabad.txt","Stalinabad"
763,0,189,222,"743-Qingdao.txt","Qingdao"
764,0,189,231,"744-Xian.txt","Xian"
765,0,189,239,"745-Dalian.txt","Dalian"
766,0,189,247,"746-Ordos.txt","Ordos"
767,0,189,255,"747-Dali Bai.txt","Dali"
768,0,198,0,"748-Zunyi.txt","Zunyi"
769,0,198,8,"749-Huangshan.txt","Huangshan"
770,0,198,16,"75-Moravia.txt","Moravia"
771,0,198,24,"750-Changde.txt","Changde"
772,0,198,33,"751-Liangshan.txt","Liangshan"
773,0,198,41,"752-Chamdo.txt","Ganzi"
774,0,198,49,"753-Gannan.txt","Gannan"
775,0,198,57,"754-Golog.txt","Golog"
776,0,198,66,"755-Haixi.txt","Haixi"
777,0,198,74,"756-Jiuquan.txt","Jiuquan"
778,0,198,82,"757-Shigatse.txt","Shigatse"
779,0,198,90,"758-Ngari.txt","Ngari"
780,0,198,99,"759-Kunlun.txt","Kunlun Shan"
781,0,198,107,"76-Northern Transylvania.txt","North Transylvania"
782,0,198,115,"760-Dabancheng.txt","Dabancheng"
783,0,198,123,"761-Hulunbuir.txt","Hulunbuir"
784,0,198,132,"762-Katowice.txt","Katowice"
785,0,198,140,"763-Konigsberg.txt","Königsberg"
786,0,198,148,"764-West Banat.txt","West Banat"
787,0,198,156,"765-Qatar.txt","Qatar"
788,0,198,165,"766-Southern Bessarabia.txt","Southern Bessarabia"
789,0,198,173,"767-North Darfur.txt","North Darfur"
790,0,198,181,"768-Rwanda.txt","Rwanda"
791,0,198,189,"769-Burundi.txt","Burundi"
792,0,198,198,"77-Dobrogea.txt","Dobrudja"
793,0,198,206,"770-Malawi.txt","Malawi"
794,0,198,214,"771-Zambia.txt","Zambia"
795,0,198,222,"772-Middle Congo.txt","Middle Congo"
796,0,198,231,"773-Cameroon.txt","Cameroon"
797,0,198,239,"774-Chad.txt","Chad"
798,0,198,247,"775-B.E.T..txt","B.E.T."
799,0,198,255,"776-Dahomey.txt","Dahomey"
800,0,206,0,"777-Togo.txt","Togo"
801,0,206,8,"778-Upper Volta.txt","Upper Volta"
802,0,206,16,"779-Ivory Coast.txt","Ivory Coast"
803,0,206,24,"78-Bessarabia.txt","Bessarabia"
804,0,206,33,"780-Guinea.txt","Guinea"
805,0,206,41,"781-Niger.txt","Niger"
806,0,206,49,"782-Tombouctou.txt","Tombouctou"
807,0,206,57,"783-Sidi Ifni.txt","Sidi Ifni"
808,0,206,66,"784-Ermland-Masuren.txt","Vilna"
809,0,206,74,"785-Picardy.txt","Picardy"
810,0,206,82,"786-Mauritanian Desert.txt","Mauritanian Desert"
811,0,206,90,"787-North Kashmir.txt","Northern Kashmir"
812,0,206,99,"788-Salamanca.txt","Salamanca"
813,0,206,107,"789-Cordoba.txt","Córdoba"
814,0,206,115,"79-moldovia.txt","Moldova"
815,0,206,123,"790-Asturias.txt","Asturias"
816,0,206,132,"791-Valladolid.txt","Valladolid"
817,0,206,140,"792-Basque Country.txt","País Vasco"
818,0,206,148,"793-Guadalajara.txt","Guadalajara"
819,0,206,156,"794-Eastern Aragon.txt","Eastern Aragón"
820,0,206,165,"795-Santarem.txt","Santarém"
821,0,206,173,"796-North Angola.txt","Cabinda"
822,0,206,181,"797-Istanbul.txt","Istanbul"
823,0,206,189,"798-Amasya.txt","Amasya"
824,0,206,198,"799-Hatay.txt","Hatay"
825,0,206,206,"8-Luxemburg.txt","Luxembourg"
826,0,206,214,"80-Bocovina.txt","Bucovina"
827,0,206,222,"800-Van.txt","Van"
828,0,206,231,"801-Moesia.txt","Moesia"
829,0,206,239,"802-Kosovo.txt","Kosovo"
830,0,206,247,"803-Southern Serbia.txt","Southern Serbia"
831,0,206,255,"804-Herzegovina.txt","Herzegovina"
832,0,214,0,"805-Northern Epirus.txt","Northern Epirus"
833,0,214,8,"806-French Basque Country.txt","Pyrénées-Atlantiques"
834,0,214,16,"807-Gdynia.txt","Gdynia"
835,0,214,24,"808-Riga.txt","Rīga"
836,0,214,33,"809-Latgale.txt","Zemgale"
837,0,214,41,"81-Oltenia.txt","Oltenia"
838,0,214,49,"810-Zemgale.txt","Latgale"
839,0,214,57,"811-Saaremaa.txt","Saaremaa"
840,0,214,66,"812-Tallinn.txt","Harju"
841,0,214,74,"813-Rakvere.txt","Virumaa"
842,0,214,82,"814-Suduva.txt","Sūduva"
843,0,214,90,"815-Aukstaitija.txt","Aukštaitija"
844,0,214,99,"816-West Virginia.txt","West Virginia"
845,0,214,107,"817-Gobi.txt","Gobi"
846,0,214,115,"818-Khovd.txt","Khovd"
847,0,214,123,"819-Dornod.txt","Dornod"
848,0,214,132,"82-Banat.txt","Banat"
849,0,214,140,"820-Khovsgol.txt","Khövsgöl"
850,0,214,148,"821 - Chenchnya-Ingushetia.txt","Chechnya-Ingushetia"
851,0,214,156,"822 - Chukotka.txt","Chukotka"
852,0,214,165,"823 - Karakalpakstan.txt","Karakalpakstan"
853,0,214,173,"824 - Yamalia.txt","Yamalia"
854,0,214,181,"825 - Nenetsia.txt","Nenets"
855,0,214,189,"826 - Abkhazia.txt","Abkhazia"
856,0,214,198,"827 - Kabardino-Balkaria.txt","Kabardino-Balkaria"
857,0,214,206,"828 - North Ossetia.txt","North Ossetia"
858,0,214,214,"829 - Volga Germany.txt","Engels-Marxstadt"
859,0,214,222,"83-crisana.txt","Crisana"
860,0,214,231,"830 - Bukhara.txt","Bukhara"
861,0,214,239,"831 - Khiva.txt","Khiva"
862,0,214,247,"832 - Dashhowuz.txt","Tashauz"
863,0,214,255,"833 - Mari El.txt","Mari El"
864,0,222,0,"834 - Balta.txt","Balta-Tiraspol"
865,0,222,8,"835-Haraghe.txt","Hararghe"
866,0,222,16,"836-Bale.txt","Bale"
867,0,222,24,"837-Sidamo.txt","Sidamo"
868,0,222,33,"838-Illubabor.txt","Illubabor-Kaffa"
869,0,222,41,"839-Welega.txt","Welega"
870,0,222,49,"84-Transylvania.txt","Transylvania"
871,0,222,57,"840-Gojjam.txt","Gojjam"
872,0,222,66,"841-Begemder.txt","Begemder"
873,0,222,74,"842-Tigray.txt","Tigray"
874,0,222,82,"843-Wello.txt","Wello"
875,0,222,90,"844-jubaland.txt","Jubaland"
876,0,222,99,"845-Jura Mountains.txt","Jura Mountains"
877,0,222,107,"846-Ticino.txt","Ticino"
878,0,222,115,"847-Western Swiss Alps.txt","Western Swiss Alps"
879,0,222,123,"848-Voralberg.txt","Vorarlberg"
880,0,222,132,"849-Puglia.txt","Puglia"
881,0,222,140,"85-Danzig.txt","Danzig"
882,0,222,148,"850-Trentino.txt","Trentino"
883,0,222,156,"851-Var.txt","Var"
884,0,222,165,"852-Istria.txt","Istria"
885,0,222,173,"853-Ljubljana.txt","Ljubljana"
886,0,222,181,"854-Jawf.txt","Jawf"
887,0,222,189,"855-Tabuk.txt","Tabuk"
888,0,222,198,"856-Asir-Makkah.txt","Asir-Makkah"
889,0,222,206,"857-Ha'il.txt","Al-Qassim"
890,0,222,214,"858-Najiran.txt","Najiran"
891,0,222,222,"859-Dammam.txt","Dammam"
892,0,222,231,"86-Poznan.txt","Poznan"
893,0,222,239,"860-Cote-Nord.txt","Côte-Nord"
894,0,222,247,"861-Saguenay.txt","Saguenay"
895,0,222,255,"862-ouest du quebec.txt","Ouest du Quebec"
896,0,231,0,"863-Maurice.txt","Maurice"
897,0,231,8,"864-Yukon.txt","Yukon Territory"
898,0,231,16,"865-Northern Saskatchewan.txt","N. Saskatchewan"
899,0,231,24,"866-Districts of Ontario.txt","Districts of Ontario"
900,0,231,33,"867-Northern Manitoba.txt","Northern Manitoba"
901,0,231,41,"868-Isan.txt","Isan"
902,0,231,49,"869-Lanna.txt","Lanna"
903,0,231,57,"87-Lodz.txt","Łódz"
904,0,231,66,"870-North West Australia.txt","North West Australia"
905,0,231,74,"871-South West Australia.txt","South West Australia"
906,0,231,82,"872-North Queensland.txt","North Queensland"
907,0,231,90,"873-South West Queensland.txt","South West Queensland"
908,0,231,99,"874-Magadan.txt","Magadan"
909,0,231,107,"875-Chukchi Peninsulay.txt","Chukchi Peninsula"
910,0,231,115,"876-Udachny.txt","Udachny"
911,0,231,123,"877-Verkhoyansk.txt","Verkhoyansk"
912,0,231,132,"878-Khatangsky.txt","Khatangsky"
913,0,231,140,"879-Kargopol.txt","Kargopol"
914,0,231,148,"88-Kielce.txt","Kraków"
915,0,231,156,"880-Kotlas.txt","Kotlas"
916,0,231,165,"881-Karagandy.txt","Karagandy"
917,0,231,173,"882-Pavlodar.txt","Pavlodar"
918,0,231,181,"883-Kassala.txt","Kassala"
919,0,231,189,"884-Upper Nile.txt","Upper Nile"
920,0,231,198,"885-Bahr al Ghazal.txt","Bahr al Ghazal"
921,0,231,206,"886-Blue Nile.txt","Blue Nile"
922,0,231,214,"887-South Darfur.txt","South Darfur"
923,0,231,222,"888-Lusambo.txt","Lusambo"
924,0,231,231,"889-Elisabethville.txt","Elisabethville"
925,0,231,239,"89-Krakow.txt","Stanisławów"
926,0,231,247,"890-Costermansville.txt","Costermansville"
927,0,231,255,"891-Zambesi.txt","Zambesi"
928,0,239,0,"892-South West Angola.txt","South West Angola"
929,0,239,8,"893-Karas.txt","Karas"
930,0,239,16,"894-Kuneme.txt","Kunene"
931,0,239,24,"895-Kavango.txt","Otjozondjupa"
932,0,239,33,"896-Manica e Sofala.txt","Manica e Sofala"
933,0,239,41,"897-Zambezia-Mocambique.txt","Zambezia-Moçambique"
934,0,239,49,"898-Gao.txt","Gao"
935,0,239,57,"899-Kayes-Koulikoro.txt","Kayes-Koulikoro"
936,0,239,66,"9-Czechoslovakia.txt","Bohemia"
937,0,239,74,"90-Lwow.txt","Kielce"
938,0,239,82,"900-Benue.txt","Benue"
939,0,239,90,"901-Borno.txt","Borno"
940,0,239,99,"902-Sokoto.txt","Sokoto"
941,0,239,107,"903-Garissa.txt","Garissa"
942,0,239,115,"904-Nyanza-Rift Valley.txt","Nyanza-Rift Valley"
943,0,239,123,"905-Mombasa.txt","Mombasa"
944,0,239,132,"906-Socotra.txt","Socotra"
945,0,239,140,"907-Cairo.txt","Cairo"
946,0,239,148,"908-Afar.txt","Afar"
947,0,239,156,"909-South Schleswig.txt","Schleswig"
948,0,239,165,"91-Tarnopol.txt","Lwów"
949,0,239,173,"910-Bornholm.txt","Bornholm"
950,0,239,181,"911-Fyn.txt","Fyn"
951,0,239,189,"912-Sonderjylland.txt","Southern Jutland"
952,0,239,198,"913-Ostergotland.txt","Östergötland"
953,0,239,206,"914-JanMayen.txt","Jan Mayen"
954,0,239,214,"915-Bohuslan.txt","Bohuslän"
955,0,239,222,"916-Dalarna.txt","Dalarna"
956,0,239,231,"917-Jamtland.txt","Jämtland"
957,0,239,239,"918-Vasterbotten.txt","Västerbotten"
958,0,239,247,"919-Varmland.txt","Värmland"
959,0,239,255,"92-Lublin.txt","Lublin"
960,0,247,0,"920-Opplandene.txt","Opplandene"
961,0,247,8,"921-Telemark.txt","Telemark"
962,0,247,16,"922-Agder.txt","Agder"
963,0,247,24,"923-Helgeland.txt","Helgeland"
964,0,247,33,"924-Troms.txt","Troms"
965,0,247,41,"925-Finnmark.txt","Finnmark"
966,0,247,49,"926-Turku.txt","Turku"
967,0,247,57,"927-Hame.txt","Häme"
968,0,247,66,"928-Kyme.txt","Kymi"
969,0,247,74,"929-Oulu.txt","Oulu"
970,0,247,82,"93-Volhynian.txt","Wołyn"
971,0,247,90,"930-Mikkeli.txt","Mikkeli"
972,0,247,99,"931-Cumbria.txt","Cumbria"
973,0,247,107,"932-Isle of Man.txt","Isle of Man"
974,0,247,115,"933-Shetland.txt","Shetland Islands"
975,0,247,123,"934-Shkoder.txt","Shkodër"
976,0,247,132,"935 - Ceara.txt","Ceará"
977,0,247,140,"936 - Pernambuco.txt","Pernambuco"
978,0,247,148,"937 - Piaui.txt","Piauí"
979,0,247,156,"938 - Para.txt","Pará"
980,0,247,165,"939 - Amapa.txt","Amapá"
981,0,247,173,"94-Polesie.txt","Polesie"
982,0,247,181,"940 - Acre.txt","Acre"
983,0,247,189,"941 - Tocantins.txt","Tocantins"
984,0,247,198,"942 - Rondonia.txt","Guaporé"
985,0,247,206,"943 - Espirito Santo.txt","Espírito Santo"
986,0,247,214,"944 - Parana.txt","Paraná"
987,0,247,222,"945 - Cerro Largo.txt","Cerro Largo"
988,0,247,231,"946 - Paysandu.txt","Paysandú"
989,0,247,239,"947 - Tacna.txt","Tacna-Moquegua"
990,0,247,247,"948 - Easter Island.txt","Easter Island"
991,0,247,255,"949 - Aysen.txt","Aysén"
992,0,255,0,"95-Nowogrodek.txt","Nowogródek"
993,0,255,8,"950 - Araucania.txt","Araucanía"
994,0,255,16,"951 - Arica.txt","Arica y Tarapacá"
995,0,255,24,"952 - Atacama.txt","Atacama"
996,0,255,33,"953 - Tierra del Fuego.txt","Tierra del Fuego"
997,0,255,41,"954 - Santa Cruz.txt","Santa Cruz"
998,0,255,49,"955 - Chubut.txt","Chubut"
999,0,255,57,"956 - Santa Fe.txt","Santa Fe"
1000,0,255,66,"957 - Formosa.txt","Formosa"
1001,0,255,74,"958 - San Luis.txt","San Luis y La Pampa"
1002,0,255,82,"959 - Los Andes.txt","Los Andes"
1003,0,255,90,"96-Wilejka.txt","Wilejka"
1004,0,255,99,"960 - San Juan.txt","San Juan y La Rioja"
1005,0,255,107,"961-Deep Amazonas.txt","Amazon"
1006,0,255,115,"962-Deep Amazonas.txt","Amazon"
1007,0,255,123,"963-Deep Amazonas.txt","Amazon"
1008,0,255,132,"964-Deep Amazonas.txt","Amazon"
1009,0,255,140,"965-Deep Amazonas.txt","Amazon"
1010,0,255,148,"966-Deep Amazonas.txt","Amazon"
1011,0,255,156,"967-Deep Amazonas.txt","Amazon"
1012,0,255,165,"968-Deep Amazonas.txt","Amazon"
1013,0,255,173,"969-Rio Branco.txt","Rio Branco"
1014,0,255,181,"97-Bialystok.txt","Białystok"
1015,0,255,189,"970 - Western Macedonia.txt","Debar"
1016,0,255,198,"971 - Northern Dobruja.txt","Northern Dobruja"
1017,0,255,206,"972 - South Sudetenland.txt","South Sudetenland"
1018,0,255,214,"973 - Bacs.txt","Bács-Kiskun"
1019,0,255,222,"974 - South Transdanubia.txt","South Transdanubia"
1020,0,255,231,"975 - Burgenland.txt","Burgenland"
1021,0,255,239,"976 - Steiermark Karnten.txt","Steiermark-Kärnten"
1022,0,255,247,"977 - Antwerp.txt","Antwerp"
1023,0,255,255,"978 - Actual Baden.txt","Baden"
1024,8,0,0,"979 - Kaiser Wilhelms Land.txt","Kaiser-Wilhelmsland"
1025,8,0,8,"98-Mazurskie.txt","Płock"
1026,8,0,16,"980 - Ardennes.txt","Ardennes"
1027,8,0,24,"981 - Barotseland.txt","Barotseland"
1028,8,0,33,"982 - Madras States.txt","Madras States"
1029,8,0,41,"983 - Deccan States.txt","Kolhapur and Deccan"
1030,8,0,49,"984 - Bastar.txt","Bastar"
1031,8,0,57,"985 - Sikkim.txt","Sikkim"
1032,8,0,66,"986 - East Punjab.txt","East Punjab"
1033,8,0,74,"987 - Waziristan.txt","Waziristan"
1034,8,0,82,"988-Baluchistan.txt","North Baluchistan"
1035,8,0,90,"989-Bahawalpur.txt","Bahawalpur"
1036,8,0,99,"99-Jutland.txt","Jutland"
1037,8,0,107,"990-Manipur.txt","Manipur"
1038,8,0,115,"991-Gwalior.txt","Gwalior"
1039,8,0,123,"992-Province of Aden.txt","Province of Aden"
1040,8,0,132,"993-Kentung and Yawnghwe.txt","Kentung and Yawnghwe"
1041,8,0,140,"994-Tenasserim.txt","Tenasserim"
1042,8,0,148,"995-Pegu.txt","Pegu"
1043,8,0,156,"996-Irrawaddy.txt","Irrawaddy"
1044,8,0,165,"997-Arakan.txt","Arakan"
1045,8,0,173,"998-Sagaing.txt","Sagaing"
1046,8,0,181,"999-Federated Shan States.txt","Federated Shan"
